{
    "model_name": "ppo_30",
    "learning_rate": 0.0005,
    "gamma": 0.99,
    "policy_kwargs": {
        "pi": [
            32,
            32
        ],
        "vf": [
            128,
            128
        ]
    },
    "mean_reward": 117.07986159999999,
    "std_reward": 94.74299292910356
}