{
    "model_name": "ppo_61",
    "learning_rate": 0.00025,
    "gamma": 0.99,
    "policy_kwargs": {
        "pi": [
            128,
            128
        ],
        "vf": [
            32,
            32
        ]
    },
    "mean_reward": -233.89748736666667,
    "std_reward": 34.19892702678508
}