{
    "model_name": "ppo_79",
    "learning_rate": 0.00025,
    "gamma": 0.818181818181818,
    "policy_kwargs": {
        "pi": [
            128,
            128
        ],
        "vf": [
            32,
            32
        ]
    },
    "mean_reward": -195.00339713333332,
    "std_reward": 128.0968879530421
}