{
    "model_name": "ppo_75",
    "learning_rate": 0.00025,
    "gamma": 0.818181818181818,
    "policy_kwargs": {
        "pi": [
            32,
            32
        ],
        "vf": [
            128,
            128
        ]
    },
    "mean_reward": -654.9909829666665,
    "std_reward": 108.42155416669698
}