{
    "model_name": "ppo_72",
    "learning_rate": 0.00025,
    "gamma": 0.8999999999999999,
    "policy_kwargs": {
        "pi": [
            128,
            128
        ],
        "vf": [
            128,
            128
        ]
    },
    "mean_reward": -165.29484256666672,
    "std_reward": 28.892124970232608
}