{
    "model_name": "ppo_17",
    "learning_rate": 0.001,
    "gamma": 0.8999999999999999,
    "policy_kwargs": {
        "pi": [
            128,
            128
        ],
        "vf": [
            64,
            64
        ]
    },
    "mean_reward": -120.24726003333333,
    "std_reward": 22.076066580582633
}