{
    "model_name": "ppo_96",
    "learning_rate": 0.001,
    "gamma": 0.8999999999999999,
    "policy_kwargs": {
        "pi": [
            64,
            64,
            64
        ],
        "vf": [
            128,
            128,
            128
        ]
    },
    "mean_reward": -120.56663436666666,
    "std_reward": 20.745156023650743
}