{
    "model_name": "ppo_5",
    "learning_rate": 0.001,
    "gamma": 0.99,
    "policy_kwargs": {
        "pi": [
            64,
            64
        ],
        "vf": [
            64,
            64
        ]
    },
    "mean_reward": 203.18354743333333,
    "std_reward": 82.22356699722015
}