{
    "model_name": "ppo_128",
    "learning_rate": 0.0005,
    "gamma": 0.818181818181818,
    "policy_kwargs": {
        "pi": [
            32,
            32,
            32
        ],
        "vf": [
            64,
            64,
            64
        ]
    },
    "mean_reward": 89.38754869999998,
    "std_reward": 161.11428127039073
}