{
    "model_name": "ppo_40",
    "learning_rate": 0.0005,
    "gamma": 0.8999999999999999,
    "policy_kwargs": {
        "pi": [
            64,
            64
        ],
        "vf": [
            32,
            32
        ]
    },
    "mean_reward": -175.55959666666666,
    "std_reward": 27.902827911312176
}