{
    "model_name": "ppo_27",
    "learning_rate": 0.001,
    "gamma": 0.818181818181818,
    "policy_kwargs": {
        "pi": [
            128,
            128
        ],
        "vf": [
            128,
            128
        ]
    },
    "mean_reward": -8.197321033333333,
    "std_reward": 135.5409082711228
}