{
    "model_name": "ppo_111",
    "learning_rate": 0.0005,
    "gamma": 0.99,
    "policy_kwargs": {
        "pi": [
            32,
            32,
            32
        ],
        "vf": [
            128,
            128,
            128
        ]
    },
    "mean_reward": 199.12811559999997,
    "std_reward": 87.37578415434724
}