{
    "model_name": "ppo_116",
    "learning_rate": 0.0005,
    "gamma": 0.99,
    "policy_kwargs": {
        "pi": [
            128,
            128,
            128
        ],
        "vf": [
            64,
            64,
            64
        ]
    },
    "mean_reward": 200.59931463333336,
    "std_reward": 79.68502545554522
}