{
    "model_name": "ppo_123",
    "learning_rate": 0.0005,
    "gamma": 0.8999999999999999,
    "policy_kwargs": {
        "pi": [
            64,
            64,
            64
        ],
        "vf": [
            128,
            128,
            128
        ]
    },
    "mean_reward": -142.29594246666667,
    "std_reward": 19.8244474788827
}