{
    "model_name": "ppo_32",
    "learning_rate": 0.0005,
    "gamma": 0.99,
    "policy_kwargs": {
        "pi": [
            64,
            64
        ],
        "vf": [
            64,
            64
        ]
    },
    "mean_reward": -35.618344966666655,
    "std_reward": 17.8548356319125
}