{
    "model_name": "ppo_121",
    "learning_rate": 0.0005,
    "gamma": 0.8999999999999999,
    "policy_kwargs": {
        "pi": [
            64,
            64,
            64
        ],
        "vf": [
            32,
            32,
            32
        ]
    },
    "mean_reward": -130.2802623,
    "std_reward": 20.207546988183577
}