{
    "model_name": "ppo_87",
    "learning_rate": 0.001,
    "gamma": 0.99,
    "policy_kwargs": {
        "pi": [
            64,
            64,
            64
        ],
        "vf": [
            128,
            128,
            128
        ]
    },
    "mean_reward": 225.65409833333337,
    "std_reward": 66.8057467421174
}