{
    "model_name": "ppo_39",
    "learning_rate": 0.0005,
    "gamma": 0.8999999999999999,
    "policy_kwargs": {
        "pi": [
            32,
            32
        ],
        "vf": [
            128,
            128
        ]
    },
    "mean_reward": -224.8388879666667,
    "std_reward": 34.0776260356742
}