{
    "model_name": "ppo_97",
    "learning_rate": 0.001,
    "gamma": 0.8999999999999999,
    "policy_kwargs": {
        "pi": [
            128,
            128,
            128
        ],
        "vf": [
            32,
            32,
            32
        ]
    },
    "mean_reward": -133.67748066666667,
    "std_reward": 25.218497719620032
}