{
    "model_name": "ppo_10",
    "learning_rate": 0.001,
    "gamma": 0.8999999999999999,
    "policy_kwargs": {
        "pi": [
            32,
            32
        ],
        "vf": [
            32,
            32
        ]
    },
    "mean_reward": -137.1241613,
    "std_reward": 20.252300392929456
}