{
    "model_name": "ppo_50",
    "learning_rate": 0.0005,
    "gamma": 0.818181818181818,
    "policy_kwargs": {
        "pi": [
            64,
            64
        ],
        "vf": [
            64,
            64
        ]
    },
    "mean_reward": -181.80265576666667,
    "std_reward": 84.09354519041966
}