{
    "model_name": "ppo_66",
    "learning_rate": 0.00025,
    "gamma": 0.8999999999999999,
    "policy_kwargs": {
        "pi": [
            32,
            32
        ],
        "vf": [
            128,
            128
        ]
    },
    "mean_reward": -476.3596403,
    "std_reward": 45.23355745192228
}