{
    "model_name": "ppo_125",
    "learning_rate": 0.0005,
    "gamma": 0.8999999999999999,
    "policy_kwargs": {
        "pi": [
            128,
            128,
            128
        ],
        "vf": [
            64,
            64,
            64
        ]
    },
    "mean_reward": -124.37172813333333,
    "std_reward": 26.97475648110956
}