{
    "model_name": "ppo_142",
    "learning_rate": 0.00025,
    "gamma": 0.99,
    "policy_kwargs": {
        "pi": [
            128,
            128,
            128
        ],
        "vf": [
            32,
            32,
            32
        ]
    },
    "mean_reward": 40.55914823333333,
    "std_reward": 54.79709448766442
}