{
    "model_name": "ppo_34",
    "learning_rate": 0.0005,
    "gamma": 0.99,
    "policy_kwargs": {
        "pi": [
            128,
            128
        ],
        "vf": [
            32,
            32
        ]
    },
    "mean_reward": -7.032616199999999,
    "std_reward": 94.02999460168249
}