{
    "model_name": "ppo_106",
    "learning_rate": 0.001,
    "gamma": 0.818181818181818,
    "policy_kwargs": {
        "pi": [
            128,
            128,
            128
        ],
        "vf": [
            32,
            32,
            32
        ]
    },
    "mean_reward": -3.9698573,
    "std_reward": 147.20406966686173
}