{
    "model_name": "ppo_114",
    "learning_rate": 0.0005,
    "gamma": 0.99,
    "policy_kwargs": {
        "pi": [
            64,
            64,
            64
        ],
        "vf": [
            128,
            128,
            128
        ]
    },
    "mean_reward": 15.229866333333332,
    "std_reward": 75.63009965485216
}