{
    "model_name": "ppo_16",
    "learning_rate": 0.001,
    "gamma": 0.8999999999999999,
    "policy_kwargs": {
        "pi": [
            128,
            128
        ],
        "vf": [
            32,
            32
        ]
    },
    "mean_reward": -134.97482573333335,
    "std_reward": 23.079004201830593
}