{
    "model_name": "ppo_57",
    "learning_rate": 0.00025,
    "gamma": 0.99,
    "policy_kwargs": {
        "pi": [
            32,
            32
        ],
        "vf": [
            128,
            128
        ]
    },
    "mean_reward": -161.80719919999999,
    "std_reward": 20.15318425895341
}