{
    "model_name": "ppo_81",
    "learning_rate": 0.00025,
    "gamma": 0.818181818181818,
    "policy_kwargs": {
        "pi": [
            128,
            128
        ],
        "vf": [
            128,
            128
        ]
    },
    "mean_reward": -185.64717890000003,
    "std_reward": 82.22405442363798
}