{
    "model_name": "ppo_93",
    "learning_rate": 0.001,
    "gamma": 0.8999999999999999,
    "policy_kwargs": {
        "pi": [
            32,
            32,
            32
        ],
        "vf": [
            128,
            128,
            128
        ]
    },
    "mean_reward": -127.54197243333333,
    "std_reward": 16.767986882326895
}