{
    "model_name": "ppo_73",
    "learning_rate": 0.00025,
    "gamma": 0.818181818181818,
    "policy_kwargs": {
        "pi": [
            32,
            32
        ],
        "vf": [
            32,
            32
        ]
    },
    "mean_reward": -300.1133775333334,
    "std_reward": 68.103358787786
}