{
    "model_name": "ppo_38",
    "learning_rate": 0.0005,
    "gamma": 0.8999999999999999,
    "policy_kwargs": {
        "pi": [
            32,
            32
        ],
        "vf": [
            64,
            64
        ]
    },
    "mean_reward": -153.1770594666667,
    "std_reward": 20.863304369426025
}