{
    "model_name": "ppo_77",
    "learning_rate": 0.00025,
    "gamma": 0.818181818181818,
    "policy_kwargs": {
        "pi": [
            64,
            64
        ],
        "vf": [
            64,
            64
        ]
    },
    "mean_reward": -604.0563047333334,
    "std_reward": 158.37668288560985
}