{
    "model_name": "ppo_46",
    "learning_rate": 0.0005,
    "gamma": 0.818181818181818,
    "policy_kwargs": {
        "pi": [
            32,
            32
        ],
        "vf": [
            32,
            32
        ]
    },
    "mean_reward": -252.3562956,
    "std_reward": 83.77795054047616
}