{
    "model_name": "ppo_69",
    "learning_rate": 0.00025,
    "gamma": 0.8999999999999999,
    "policy_kwargs": {
        "pi": [
            64,
            64
        ],
        "vf": [
            128,
            128
        ]
    },
    "mean_reward": -213.74382673333332,
    "std_reward": 23.69299834145559
}