{
    "model_name": "ppo_90",
    "learning_rate": 0.001,
    "gamma": 0.99,
    "policy_kwargs": {
        "pi": [
            128,
            128,
            128
        ],
        "vf": [
            128,
            128,
            128
        ]
    },
    "mean_reward": 194.59935566666667,
    "std_reward": 149.7154115565655
}