{
    "model_name": "ppo_138",
    "learning_rate": 0.00025,
    "gamma": 0.99,
    "policy_kwargs": {
        "pi": [
            32,
            32,
            32
        ],
        "vf": [
            128,
            128,
            128
        ]
    },
    "mean_reward": -123.77587299999999,
    "std_reward": 87.2653504941262
}