{
    "model_name": "ppo_94",
    "learning_rate": 0.001,
    "gamma": 0.8999999999999999,
    "policy_kwargs": {
        "pi": [
            64,
            64,
            64
        ],
        "vf": [
            32,
            32,
            32
        ]
    },
    "mean_reward": -125.00274026666668,
    "std_reward": 23.337444332228472
}