{
    "model_name": "ppo_48",
    "learning_rate": 0.0005,
    "gamma": 0.818181818181818,
    "policy_kwargs": {
        "pi": [
            32,
            32
        ],
        "vf": [
            128,
            128
        ]
    },
    "mean_reward": -309.68022033333335,
    "std_reward": 44.79483194291923
}