{
    "model_name": "ppo_103",
    "learning_rate": 0.001,
    "gamma": 0.818181818181818,
    "policy_kwargs": {
        "pi": [
            64,
            64,
            64
        ],
        "vf": [
            32,
            32,
            32
        ]
    },
    "mean_reward": -77.04238256666666,
    "std_reward": 129.50226360141218
}