{
    "model_name": "ppo_120",
    "learning_rate": 0.0005,
    "gamma": 0.8999999999999999,
    "policy_kwargs": {
        "pi": [
            32,
            32,
            32
        ],
        "vf": [
            128,
            128,
            128
        ]
    },
    "mean_reward": -133.5292684,
    "std_reward": 18.301242669400775
}