{
    "model_name": "ppo_140",
    "learning_rate": 0.00025,
    "gamma": 0.99,
    "policy_kwargs": {
        "pi": [
            64,
            64,
            64
        ],
        "vf": [
            64,
            64,
            64
        ]
    },
    "mean_reward": -32.686778800000006,
    "std_reward": 21.7878742798599
}