{
    "model_name": "ppo_71",
    "learning_rate": 0.00025,
    "gamma": 0.8999999999999999,
    "policy_kwargs": {
        "pi": [
            128,
            128
        ],
        "vf": [
            64,
            64
        ]
    },
    "mean_reward": -155.9537725666667,
    "std_reward": 20.31754004355348
}