{
    "model_name": "ppo_102",
    "learning_rate": 0.001,
    "gamma": 0.818181818181818,
    "policy_kwargs": {
        "pi": [
            32,
            32,
            32
        ],
        "vf": [
            128,
            128,
            128
        ]
    },
    "mean_reward": -104.70043696666669,
    "std_reward": 126.98001471964832
}