{
    "model_name": "ppo_43",
    "learning_rate": 0.0005,
    "gamma": 0.8999999999999999,
    "policy_kwargs": {
        "pi": [
            128,
            128
        ],
        "vf": [
            32,
            32
        ]
    },
    "mean_reward": -133.6617474,
    "std_reward": 24.196690557931667
}