{
    "model_name": "ppo_113",
    "learning_rate": 0.0005,
    "gamma": 0.99,
    "policy_kwargs": {
        "pi": [
            64,
            64,
            64
        ],
        "vf": [
            64,
            64,
            64
        ]
    },
    "mean_reward": 224.0548333,
    "std_reward": 22.33316083835413
}