{
    "model_name": "ppo_53",
    "learning_rate": 0.0005,
    "gamma": 0.818181818181818,
    "policy_kwargs": {
        "pi": [
            128,
            128
        ],
        "vf": [
            64,
            64
        ]
    },
    "mean_reward": -51.10779733333334,
    "std_reward": 168.03048208138878
}