{
    "model_name": "ppo_6",
    "learning_rate": 0.001,
    "gamma": 0.99,
    "policy_kwargs": {
        "pi": [
            64,
            64
        ],
        "vf": [
            128,
            128
        ]
    },
    "mean_reward": 203.48894973333338,
    "std_reward": 74.28813015360691
}