{
    "model_name": "ppo_67",
    "learning_rate": 0.00025,
    "gamma": 0.8999999999999999,
    "policy_kwargs": {
        "pi": [
            64,
            64
        ],
        "vf": [
            32,
            32
        ]
    },
    "mean_reward": -216.99292506666663,
    "std_reward": 24.868500862591578
}