{
    "model_name": "ppo_52",
    "learning_rate": 0.0005,
    "gamma": 0.818181818181818,
    "policy_kwargs": {
        "pi": [
            128,
            128
        ],
        "vf": [
            32,
            32
        ]
    },
    "mean_reward": -101.38266973333332,
    "std_reward": 93.11892100060363
}