{
    "model_name": "ppo_9",
    "learning_rate": 0.001,
    "gamma": 0.99,
    "policy_kwargs": {
        "pi": [
            128,
            128
        ],
        "vf": [
            128,
            128
        ]
    },
    "mean_reward": 268.3851982666667,
    "std_reward": 16.934871015299546
}