{
    "model_name": "ppo_115",
    "learning_rate": 0.0005,
    "gamma": 0.99,
    "policy_kwargs": {
        "pi": [
            128,
            128,
            128
        ],
        "vf": [
            32,
            32,
            32
        ]
    },
    "mean_reward": -18.08410573333333,
    "std_reward": 17.64775740097747
}