{
    "model_name": "ppo_99",
    "learning_rate": 0.001,
    "gamma": 0.8999999999999999,
    "policy_kwargs": {
        "pi": [
            128,
            128,
            128
        ],
        "vf": [
            128,
            128,
            128
        ]
    },
    "mean_reward": -111.36733339999998,
    "std_reward": 25.45997770995299
}