{
    "model_name": "ppo_26",
    "learning_rate": 0.001,
    "gamma": 0.818181818181818,
    "policy_kwargs": {
        "pi": [
            128,
            128
        ],
        "vf": [
            64,
            64
        ]
    },
    "mean_reward": -36.148021299999996,
    "std_reward": 169.11904324597748
}