{
    "model_name": "ppo_60",
    "learning_rate": 0.00025,
    "gamma": 0.99,
    "policy_kwargs": {
        "pi": [
            64,
            64
        ],
        "vf": [
            128,
            128
        ]
    },
    "mean_reward": -59.70264016666667,
    "std_reward": 15.25066822251037
}