{
    "model_name": "ppo_42",
    "learning_rate": 0.0005,
    "gamma": 0.8999999999999999,
    "policy_kwargs": {
        "pi": [
            64,
            64
        ],
        "vf": [
            128,
            128
        ]
    },
    "mean_reward": -140.23894656666667,
    "std_reward": 22.72883556282107
}