{
    "model_name": "ppo_15",
    "learning_rate": 0.001,
    "gamma": 0.8999999999999999,
    "policy_kwargs": {
        "pi": [
            64,
            64
        ],
        "vf": [
            128,
            128
        ]
    },
    "mean_reward": -122.70822516666667,
    "std_reward": 17.84928001572238
}