{
    "model_name": "ppo_1",
    "learning_rate": 0.001,
    "gamma": 0.99,
    "policy_kwargs": {
        "pi": [
            32,
            32
        ],
        "vf": [
            32,
            32
        ]
    },
    "mean_reward": 174.70993330000002,
    "std_reward": 96.70635452745046
}