{
    "model_name": "ppo_78",
    "learning_rate": 0.00025,
    "gamma": 0.818181818181818,
    "policy_kwargs": {
        "pi": [
            64,
            64
        ],
        "vf": [
            128,
            128
        ]
    },
    "mean_reward": -178.48350656666665,
    "std_reward": 34.247936344654754
}