{
    "model_name": "ppo_14",
    "learning_rate": 0.001,
    "gamma": 0.8999999999999999,
    "policy_kwargs": {
        "pi": [
            64,
            64
        ],
        "vf": [
            64,
            64
        ]
    },
    "mean_reward": -132.6371165333333,
    "std_reward": 16.09626880810913
}