{
    "model_name": "ppo_85",
    "learning_rate": 0.001,
    "gamma": 0.99,
    "policy_kwargs": {
        "pi": [
            64,
            64,
            64
        ],
        "vf": [
            32,
            32,
            32
        ]
    },
    "mean_reward": 167.95556523333335,
    "std_reward": 87.75647818759748
}