{
    "model_name": "ppo_101",
    "learning_rate": 0.001,
    "gamma": 0.818181818181818,
    "policy_kwargs": {
        "pi": [
            32,
            32,
            32
        ],
        "vf": [
            64,
            64,
            64
        ]
    },
    "mean_reward": -53.50585056666667,
    "std_reward": 130.74899149668627
}