{
    "model_name": "ppo_44",
    "learning_rate": 0.0005,
    "gamma": 0.8999999999999999,
    "policy_kwargs": {
        "pi": [
            128,
            128
        ],
        "vf": [
            64,
            64
        ]
    },
    "mean_reward": -138.5653246333333,
    "std_reward": 21.17064428534445
}