{
    "model_name": "ppo_64",
    "learning_rate": 0.00025,
    "gamma": 0.8999999999999999,
    "policy_kwargs": {
        "pi": [
            32,
            32
        ],
        "vf": [
            32,
            32
        ]
    },
    "mean_reward": -504.83076566666665,
    "std_reward": 28.21723924265345
}