{
    "model_name": "ppo_55",
    "learning_rate": 0.00025,
    "gamma": 0.99,
    "policy_kwargs": {
        "pi": [
            32,
            32
        ],
        "vf": [
            32,
            32
        ]
    },
    "mean_reward": -488.78491843333336,
    "std_reward": 102.66089861594196
}