{
    "model_name": "ppo_82",
    "learning_rate": 0.001,
    "gamma": 0.99,
    "policy_kwargs": {
        "pi": [
            32,
            32,
            32
        ],
        "vf": [
            32,
            32,
            32
        ]
    },
    "mean_reward": 164.36254896666662,
    "std_reward": 93.13307578672048
}