{
    "model_name": "ppo_23",
    "learning_rate": 0.001,
    "gamma": 0.818181818181818,
    "policy_kwargs": {
        "pi": [
            64,
            64
        ],
        "vf": [
            64,
            64
        ]
    },
    "mean_reward": -119.44075983333332,
    "std_reward": 94.59635116872883
}