{
    "model_name": "ppo_89",
    "learning_rate": 0.001,
    "gamma": 0.99,
    "policy_kwargs": {
        "pi": [
            128,
            128,
            128
        ],
        "vf": [
            64,
            64,
            64
        ]
    },
    "mean_reward": 264.8446487333334,
    "std_reward": 16.141206162920056
}