{
    "model_name": "ppo_29",
    "learning_rate": 0.0005,
    "gamma": 0.99,
    "policy_kwargs": {
        "pi": [
            32,
            32
        ],
        "vf": [
            64,
            64
        ]
    },
    "mean_reward": -37.1676717,
    "std_reward": 27.31146604693709
}