{
    "model_name": "ppo_21",
    "learning_rate": 0.001,
    "gamma": 0.818181818181818,
    "policy_kwargs": {
        "pi": [
            32,
            32
        ],
        "vf": [
            128,
            128
        ]
    },
    "mean_reward": -146.55125426666666,
    "std_reward": 85.39516606535267
}