{
    "model_name": "ppo_132",
    "learning_rate": 0.0005,
    "gamma": 0.818181818181818,
    "policy_kwargs": {
        "pi": [
            64,
            64,
            64
        ],
        "vf": [
            128,
            128,
            128
        ]
    },
    "mean_reward": -87.95134966666667,
    "std_reward": 165.09158539193933
}