{
    "model_name": "ppo_33",
    "learning_rate": 0.0005,
    "gamma": 0.99,
    "policy_kwargs": {
        "pi": [
            64,
            64
        ],
        "vf": [
            128,
            128
        ]
    },
    "mean_reward": 166.7046371,
    "std_reward": 82.27006404278238
}