{
    "model_name": "ppo_137",
    "learning_rate": 0.00025,
    "gamma": 0.99,
    "policy_kwargs": {
        "pi": [
            32,
            32,
            32
        ],
        "vf": [
            64,
            64,
            64
        ]
    },
    "mean_reward": -56.66462843333333,
    "std_reward": 24.572544284156546
}