{
    "model_name": "ppo_59",
    "learning_rate": 0.00025,
    "gamma": 0.99,
    "policy_kwargs": {
        "pi": [
            64,
            64
        ],
        "vf": [
            64,
            64
        ]
    },
    "mean_reward": -44.83527683333333,
    "std_reward": 32.11133471152653
}