{
    "model_name": "ppo_130",
    "learning_rate": 0.0005,
    "gamma": 0.818181818181818,
    "policy_kwargs": {
        "pi": [
            64,
            64,
            64
        ],
        "vf": [
            32,
            32,
            32
        ]
    },
    "mean_reward": -41.66253269999999,
    "std_reward": 125.81632110912126
}