{
    "model_name": "ppo_151",
    "learning_rate": 0.00025,
    "gamma": 0.8999999999999999,
    "policy_kwargs": {
        "pi": [
            128,
            128,
            128
        ],
        "vf": [
            32,
            32,
            32
        ]
    },
    "mean_reward": -144.61544693333332,
    "std_reward": 21.244571985144404
}