{
    "model_name": "ppo_145",
    "learning_rate": 0.00025,
    "gamma": 0.8999999999999999,
    "policy_kwargs": {
        "pi": [
            32,
            32,
            32
        ],
        "vf": [
            32,
            32,
            32
        ]
    },
    "mean_reward": -157.39818126666668,
    "std_reward": 22.8942610986405
}