{
    "model_name": "ppo_154",
    "learning_rate": 0.00025,
    "gamma": 0.818181818181818,
    "policy_kwargs": {
        "pi": [
            32,
            32,
            32
        ],
        "vf": [
            32,
            32,
            32
        ]
    },
    "mean_reward": -288.8001266333333,
    "std_reward": 213.41627615298464
}