{
    "model_name": "ppo_3",
    "learning_rate": 0.001,
    "gamma": 0.99,
    "policy_kwargs": {
        "pi": [
            32,
            32
        ],
        "vf": [
            128,
            128
        ]
    },
    "mean_reward": -43.971308633333344,
    "std_reward": 79.30661320963416
}