{
    "model_name": "ppo_12",
    "learning_rate": 0.001,
    "gamma": 0.8999999999999999,
    "policy_kwargs": {
        "pi": [
            32,
            32
        ],
        "vf": [
            128,
            128
        ]
    },
    "mean_reward": -139.08144486666666,
    "std_reward": 25.823316481473345
}