{
    "model_name": "ppo_149",
    "learning_rate": 0.00025,
    "gamma": 0.8999999999999999,
    "policy_kwargs": {
        "pi": [
            64,
            64,
            64
        ],
        "vf": [
            64,
            64,
            64
        ]
    },
    "mean_reward": -162.52611853333335,
    "std_reward": 19.99252995636918
}