{
    "model_name": "ppo_153",
    "learning_rate": 0.00025,
    "gamma": 0.8999999999999999,
    "policy_kwargs": {
        "pi": [
            128,
            128,
            128
        ],
        "vf": [
            128,
            128,
            128
        ]
    },
    "mean_reward": -133.9713926,
    "std_reward": 15.882406762353563
}