{
    "model_name": "ppo_161",
    "learning_rate": 0.00025,
    "gamma": 0.818181818181818,
    "policy_kwargs": {
        "pi": [
            128,
            128,
            128
        ],
        "vf": [
            64,
            64,
            64
        ]
    },
    "mean_reward": -80.65473136666667,
    "std_reward": 157.03328409144524
}