{
    "model_name": "ppo_84",
    "learning_rate": 0.001,
    "gamma": 0.99,
    "policy_kwargs": {
        "pi": [
            32,
            32,
            32
        ],
        "vf": [
            128,
            128,
            128
        ]
    },
    "mean_reward": 139.3984640666667,
    "std_reward": 132.73783689356677
}