{
    "model_name": "ppo_122",
    "learning_rate": 0.0005,
    "gamma": 0.8999999999999999,
    "policy_kwargs": {
        "pi": [
            64,
            64,
            64
        ],
        "vf": [
            64,
            64,
            64
        ]
    },
    "mean_reward": -138.46860296666668,
    "std_reward": 33.38222282266128
}