{
    "model_name": "ppo_98",
    "learning_rate": 0.001,
    "gamma": 0.8999999999999999,
    "policy_kwargs": {
        "pi": [
            128,
            128,
            128
        ],
        "vf": [
            64,
            64,
            64
        ]
    },
    "mean_reward": -110.95028736666669,
    "std_reward": 29.78654415924982
}