{
    "model_name": "ppo_54",
    "learning_rate": 0.0005,
    "gamma": 0.818181818181818,
    "policy_kwargs": {
        "pi": [
            128,
            128
        ],
        "vf": [
            128,
            128
        ]
    },
    "mean_reward": -197.49114150000003,
    "std_reward": 100.28220739612813
}