{
    "model_name": "ppo_70",
    "learning_rate": 0.00025,
    "gamma": 0.8999999999999999,
    "policy_kwargs": {
        "pi": [
            128,
            128
        ],
        "vf": [
            32,
            32
        ]
    },
    "mean_reward": -225.17128686666666,
    "std_reward": 30.115834958602054
}