{
    "model_name": "ppo_83",
    "learning_rate": 0.001,
    "gamma": 0.99,
    "policy_kwargs": {
        "pi": [
            32,
            32,
            32
        ],
        "vf": [
            64,
            64,
            64
        ]
    },
    "mean_reward": 233.8059355,
    "std_reward": 27.46685524800379
}