{
    "model_name": "ppo_20",
    "learning_rate": 0.001,
    "gamma": 0.818181818181818,
    "policy_kwargs": {
        "pi": [
            32,
            32
        ],
        "vf": [
            64,
            64
        ]
    },
    "mean_reward": -138.59691770000003,
    "std_reward": 103.85475012018921
}