{
    "model_name": "ppo_127",
    "learning_rate": 0.0005,
    "gamma": 0.818181818181818,
    "policy_kwargs": {
        "pi": [
            32,
            32,
            32
        ],
        "vf": [
            32,
            32,
            32
        ]
    },
    "mean_reward": -22.118104399999996,
    "std_reward": 151.4127318877159
}