{
    "model_name": "ppo_148",
    "learning_rate": 0.00025,
    "gamma": 0.8999999999999999,
    "policy_kwargs": {
        "pi": [
            64,
            64,
            64
        ],
        "vf": [
            32,
            32,
            32
        ]
    },
    "mean_reward": -159.18139786666669,
    "std_reward": 26.840862137310758
}