{
    "model_name": "ppo_74",
    "learning_rate": 0.00025,
    "gamma": 0.818181818181818,
    "policy_kwargs": {
        "pi": [
            32,
            32
        ],
        "vf": [
            64,
            64
        ]
    },
    "mean_reward": -562.9286428666668,
    "std_reward": 68.6489647205671
}