{
    "model_name": "ppo_118",
    "learning_rate": 0.0005,
    "gamma": 0.8999999999999999,
    "policy_kwargs": {
        "pi": [
            32,
            32,
            32
        ],
        "vf": [
            32,
            32,
            32
        ]
    },
    "mean_reward": -137.75828613333334,
    "std_reward": 24.720971753130147
}