{
    "model_name": "ppo_117",
    "learning_rate": 0.0005,
    "gamma": 0.99,
    "policy_kwargs": {
        "pi": [
            128,
            128,
            128
        ],
        "vf": [
            128,
            128,
            128
        ]
    },
    "mean_reward": 204.58605173333333,
    "std_reward": 102.29974689551676
}