{
    "model_name": "ppo_158",
    "learning_rate": 0.00025,
    "gamma": 0.818181818181818,
    "policy_kwargs": {
        "pi": [
            64,
            64,
            64
        ],
        "vf": [
            64,
            64,
            64
        ]
    },
    "mean_reward": -126.9620346,
    "std_reward": 115.36446361399045
}