{
    "model_name": "ppo_162",
    "learning_rate": 0.00025,
    "gamma": 0.818181818181818,
    "policy_kwargs": {
        "pi": [
            128,
            128,
            128
        ],
        "vf": [
            128,
            128,
            128
        ]
    },
    "mean_reward": -83.9821094,
    "std_reward": 133.69823567749657
}