{
    "model_name": "ppo_141",
    "learning_rate": 0.00025,
    "gamma": 0.99,
    "policy_kwargs": {
        "pi": [
            64,
            64,
            64
        ],
        "vf": [
            128,
            128,
            128
        ]
    },
    "mean_reward": 160.86024480000003,
    "std_reward": 63.258602350693955
}