{
    "model_name": "ppo_119",
    "learning_rate": 0.0005,
    "gamma": 0.8999999999999999,
    "policy_kwargs": {
        "pi": [
            32,
            32,
            32
        ],
        "vf": [
            64,
            64,
            64
        ]
    },
    "mean_reward": -140.45908316666666,
    "std_reward": 19.197785362484524
}