{
    "model_name": "ppo_47",
    "learning_rate": 0.0005,
    "gamma": 0.818181818181818,
    "policy_kwargs": {
        "pi": [
            32,
            32
        ],
        "vf": [
            64,
            64
        ]
    },
    "mean_reward": -221.2047828,
    "std_reward": 49.18340469579551
}