{
    "model_name": "ppo_143",
    "learning_rate": 0.00025,
    "gamma": 0.99,
    "policy_kwargs": {
        "pi": [
            128,
            128,
            128
        ],
        "vf": [
            64,
            64,
            64
        ]
    },
    "mean_reward": -22.975452933333333,
    "std_reward": 25.796838645464643
}