{
    "model_name": "ppo_36",
    "learning_rate": 0.0005,
    "gamma": 0.99,
    "policy_kwargs": {
        "pi": [
            128,
            128
        ],
        "vf": [
            128,
            128
        ]
    },
    "mean_reward": 125.80905996666665,
    "std_reward": 116.68731165810922
}