{
    "model_name": "ppo_65",
    "learning_rate": 0.00025,
    "gamma": 0.8999999999999999,
    "policy_kwargs": {
        "pi": [
            32,
            32
        ],
        "vf": [
            64,
            64
        ]
    },
    "mean_reward": -566.3253977333334,
    "std_reward": 68.34624547686879
}