{
    "model_name": "ppo_2",
    "learning_rate": 0.001,
    "gamma": 0.99,
    "policy_kwargs": {
        "pi": [
            32,
            32
        ],
        "vf": [
            64,
            64
        ]
    },
    "mean_reward": 101.99330953333335,
    "std_reward": 92.06582265448334
}